<?xml version="1.0" encoding="UTF-8"?>
<beans xmlns="http://www.springframework.org/schema/beans"
      xmlns:context="http://www.springframework.org/schema/context"
       xmlns:xsi="http://www.w3.org/2001/XMLSchema-instance"
       xsi:schemaLocation="http://www.springframework.org/schema/beans 
                           http://www.springframework.org/schema/beans/spring-beans.xsd
                           http://www.springframework.org/schema/context 
                           http://www.springframework.org/schema/context/spring-context.xsd">
   
   <!--  
공통빈  (Root) 컨테이너에 사용될 빈객체와 의존 설정
-DB관련 (드라이버 로딩 , 템풀릿 객체)
-view 작업(공통 UI 설정)

-->

<!-- 공통 DB작업  -->
  <bean id="driverManagerDataSource" class="org.springframework.jdbc.datasource.DriverManagerDataSource">
    <property name="driverClassName" value="oracle.jdbc.driver.OracleDriver" />
    <property name="url" value="jdbc:oracle:thin:@localhost:1521:XE" />
    <property name="username" value="bituser" />
    <property name="password" value="1004" />
 </bean>
 <bean id="" class="org.springframework.jdbc.core.JdbcTemplate">
    <property name="dataSource"  ref="driverManagerDataSource"></property>
 </bean>


<!-- Mybatis 설정
기본 자바코드 : SqlMapConfig.xml 에서 설정했던 작업 (DB연결 ,mapper 설정)
파일 없어지고 설명파일안에서   > SqlSessionFactoryBean
기존 java 코드 : builder 사용 > Factory 객체 > sqlsession 생성 > 함수사용 

두개의 클래스가 위 작업 처리 
SqlSessionFactoryBean
SqlSessionTemplate
 -->
<bean id="sqlSessionFactoryBean"  class="org.mybatis.spring.SqlSessionFactoryBean">
    <property name="dataSource" ref="driverManagerDataSource"></property>
    <property name="mapperLocations" value="classpath*:mapper/*xml" />
</bean> 

<bean id="sqlSession" class="org.mybatis.spring.SqlSessionTemplate">
  <constructor-arg index="0" ref="sqlSessionFactoryBean"/>
</bean>
<!-- Mybatis 설정  -->


 
 
 <!-- 공통 파일 업로드 -->
 <bean  id="multipartResolver"    class="org.springframework.web.multipart.commons.CommonsMultipartResolver">
      <property name="maxUploadSize"    value="10485760"></property>
      <property name="defaultEncoding"  value="UTF-8"></property>
</bean>   

 <!-- 공통 UI  -->
 <bean   id="internalResourceViewResolver"   class="org.springframework.web.servlet.view.InternalResourceViewResolver">
           <property name="prefix">
                 <value>/WEB-INF/views/</value>
           </property>
           <property name="suffix">
                 <value>.jsp</value>
           </property>
     </bean>
      
</beans>